10807402.txt	 HGF , COX2 
10948173.txt	
10950785.txt	 CXCR2 , POLL , CXCR1 
11119516.txt	 FYN , SRC 
11179291.txt	
11254553.txt	
11292739.txt	 BCL2 , BID , BAD 
11466338.txt	 IL4 , T , TRAF2 
11500432.txt	
11531949.txt	 CXCR2 , T , CXCR1 
11751976.txt	
12011031.txt	 HGF , CD14 
12472841.txt	 AIDA , CD4 , T 
12488564.txt	
12761119.txt	
14760942.txt	
15039304.txt	
15452181.txt	
15557597.txt	 CXCR2 , CXCR1 
15617521.txt	 H , BAD 
15664914.txt	 T , CD69 
15731037.txt	 BMF , BCL2 , BAD 
15829401.txt	 T 
15864780.txt	 TLR2 
15887115.txt	 T , E 
15940666.txt	 H , IL4 , CD1D , T , CD69 
16040961.txt	
16081829.txt	
16107279.txt	 LARGE , ABO , T 
16113266.txt	 BAX , AKT1 , BAD 
16184519.txt	 E 
16299317.txt	 MCL1 
16369686.txt	 T , BAD 
24196432.txt	 LARGE , CD1A , T 
23545566.txt	 T 
23307809.txt	 CD1D , S , T , PROC 
23189125.txt	 NOV , CXCL13 , CXCR5 , CD1D , T 
22728762.txt	 IL4 , T 
22551807.txt	 CD1D , T 
22069376.txt	 CD1D , T 
21892173.txt	 T , REV 
21628519.txt	 CD1D , T 
11500432.txt	
31857085.txt	
26557697.txt	 EN 
23509146.txt	
17929089.txt	 H , BAD 
17894423.txt	
16710454.txt	 BAD 
16369686.txt	 T , BAD 
16113266.txt	 BAX , AKT1 , BAD 
16081829.txt	
15731037.txt	 BMF , BCL2 , BAD 
11292739.txt	 BCL2 , BID , BAD 
9632691.txt	 RAF1 , S , JUN 
14635040.txt	 CD1D , T , H 
32777979.txt	 PNPLA2 
32116095.txt	 LARGE , MTOR , EN 
20828565.txt	
19309365.txt	 FRY 
16493599.txt	 T , FRY 
16482216.txt	 FRY 
16426773.txt	 FRY 
20630471.txt	 CTLA4 
12472841.txt	 AIDA , CD4 , T 
24325366.txt	 FAS 
32566588.txt	 BPIFB1 , SO , BPI 
23746244.txt	 TLR4 , AKT1 , TRAF6 , CD14 , MYD88 , BPIFB1 
25352374.txt	 SCD1 , IL31 , FLG , ELOVL4 
32634127.txt	 ARRDC3 , CXCL2 
31010851.txt	 N , JUN , CXCL8 , CXCR1 
28939643.txt	 NOV , IL17A , GRK6 
16299317.txt	 MCL1 
15358660.txt	 CXCR2 
11531949.txt	 CXCR2 , T , CXCR1 
2237403.txt	 BAD 
19933855.txt	 CXCL13 , T , CCL19 
19855398.txt	 CCL21 
12538673.txt	 CCL4 , CCL3 , CXCL9 , H , CCR7 , CXCL10 , CCR5 , T 
12071677.txt	 CCL19 
11918712.txt	 T 
31805013.txt	 KLF4 
29914927.txt	 PGLYRP2 , IRAK1 
29194752.txt	 PTGER4 , IL6 , IL10 , CD4 , PTGS2 , T 
27389350.txt	 MAX 
26940070.txt	 NANOG , CD44 
16621997.txt	 IL2 , CTLA4 , T 
16710454.txt	 BAD 
16751401.txt	 APAF1 , JUN , BID , BAX 
16926411.txt	
17000004.txt	
17215251.txt	 CD1D 
17436230.txt	 CXCR2 , E 
17894423.txt	
17929089.txt	 H , BAD 
17998313.txt	 NOV , T , CT 
18039834.txt	 NOV , CCL19 , CCL21 , CCR7 , MYD88 , T 
18212072.txt	 FAS , CD40 , T 
1849508.txt	
18641348.txt	
10512755.txt	
10535482.txt	 CD28 , IL4 , T , LARGE 
10586069.txt	
10692120.txt	 CD4 , T , H , FRY 
10768988.txt	
10807402.txt	 HGF , COX2 
10948173.txt	
11020382.txt	 BCL2 , BAD 
11119516.txt	 FYN , SRC 
11204803.txt	
11207625.txt	
11292739.txt	 BCL2 , BID , BAD 
11387317.txt	
11466338.txt	 IL4 , T , TRAF2 
11500432.txt	
11531949.txt	 CXCR2 , T , CXCR1 
11559643.txt	 H , M 
11728477.txt	 NOV 
11751976.txt	
11788577.txt	
11854212.txt	 HBD 
12102690.txt	
12488564.txt	
12719455.txt	 H , IMPACT 
12761119.txt	
12925134.txt	 BCL2 , BAD 
12957354.txt	 HGF 
11119516.txt	 FYN , SRC 
11179291.txt	
11254553.txt	
11254733.txt	 BCL2 , H 
11292739.txt	 BCL2 , BID , BAD 
10347123.txt	 CD4 , T , X 
10807402.txt	 HGF , COX2 
10858247.txt	 CXCR2 , H 
10948173.txt	
10950785.txt	 CXCR2 , POLL , CXCR1 
11466338.txt	 IL4 , T , TRAF2 
11500432.txt	
11500480.txt	 IL18 , POLL 
11531949.txt	 CXCR2 , T , CXCR1 
11559643.txt	 H , M 
11716527.txt	 CD28 
11751976.txt	
11788577.txt	
12011031.txt	 HGF , CD14 
12454053.txt	
12472841.txt	 AIDA , CD4 , T 
12488564.txt	
12761119.txt	
14760942.txt	
15039304.txt	
15452181.txt	
15557597.txt	 CXCR2 , CXCR1 
15617521.txt	 H , BAD 
15731037.txt	 BMF , BCL2 , BAD 
15864780.txt	 TLR2 
15887115.txt	 T , E 
16040961.txt	
16081829.txt	
16107279.txt	 ABO , T 
16113266.txt	 BAX , AKT1 , BAD 
16184519.txt	 E 
16299317.txt	 MCL1 
